﻿Designator,Quantity,Value,Footprint,Package,MPN,DNP,Mount_Type,Description,MF,Description_1,Price,Check_prices,STANDARD,SnapEDA_Link,MP,Availability,MANUFACTURER,Height,Mouser Part Number,Mouser Price/Stock,Manufacturer_Name
"ANT1, ANT2",2,Conn_Coaxial,U.FL_Hirose_U.FL-R-SMT-1_Vertical,,,,smt,"coaxial connector (BNC, SMA, SMB, SMC, Cinch/RCA, LEMO, ...)",,,,,,,,,,,,,
ANT3,1,W3008,ANTENNA_W3008,None,,,smt,,PulseLarsen Antennas,"2.4GHz Bluetooth, WLAN, Zigbee™ Chip RF Antenna 2.4GHz ~ 2.483GHz 2.2dBi Solder Surface Mount",None,https://www.snapeda.com/parts/W3008/PulseLarsen+Antennas/view-part/?ref=eda,Manufacturer recommendations,https://www.snapeda.com/parts/W3008/PulseLarsen+Antennas/view-part/?ref=snap,W3008,Not in stock,PulseLarsen Antennas,,,,
C1,1,10uF,C_0603_1608Metric_Pad1.08x0.95mm_HandSolder,,,,smt,"Unpolarized capacitor, small symbol",,,,,,,,,,,,,
"C10, C11, C5, C6",4,10nF,C_0603_1608Metric_Pad1.08x0.95mm_HandSolder,,,,smt,"Unpolarized capacitor, small symbol",,,,,,,,,,,,,
"C12, C7",2,470nF,C_0603_1608Metric_Pad1.08x0.95mm_HandSolder,,,,smt,"Unpolarized capacitor, small symbol",,,,,,,,,,,,,
"C13, C22, C24, C25, C4, C8, C9",7,100nF,C_0603_1608Metric_Pad1.08x0.95mm_HandSolder,,,,smt,"Unpolarized capacitor, small symbol",,,,,,,,,,,,,
"C14, C16, C17, C18",4,220pF,C_0603_1608Metric_Pad1.08x0.95mm_HandSolder,,,,smt,"Unpolarized capacitor, small symbol",,,,,,,,,,,,,
"C15, C19, C2",3,1uF,C_0603_1608Metric_Pad1.08x0.95mm_HandSolder,,,,smt,"Unpolarized capacitor, small symbol",,,,,,,,,,,,,
C20,1,0.1uF,C_0603_1608Metric_Pad1.08x0.95mm_HandSolder,,,,smt,"Unpolarized capacitor, small symbol",,,,,,,,,,,,,
C23,1,10uF,ECASD40J106M055K00,,,,smt,"Unpolarized capacitor, small symbol",,,,,,,,,,,,,
C3,1,47uF,C_0603_1608Metric_Pad1.08x0.95mm_HandSolder,,,,smt,"Unpolarized capacitor, small symbol",,,,,,,,,,,,,
C33,1,1.5pF,C_01005_0402Metric_Pad0.57x0.30mm_HandSolder,,,,smt,"Unpolarized capacitor, small symbol",,,,,,,,,,,,,
CR1,1,SMBJ60A,SMBJSeries_LTF,,,,smt,,,,,,,,,,,,,,
D1,1,WS2812B-2020,LED_WS2812B-2020_PLCC4_2.0x2.0mm,,,,smt,"RGB LED with integrated controller, 2.0 x 2.0 mm, 12 mA",,,,,,,,,,,,,
F1,1,MF-PSMF020X-2,FUSE_F020X_BRN,,,,smt,,,,,,,,,,,,,,
"FL1, FL2",2,2450FM07D0034T,2450FM07D0034T,,2450FM07D0034T,,smt,Signal Conditioning Mini 2.45GHz Imped Matchd Frnt-End Fltr,,,,,,,,,,0.4,609-2450FM07D0034T,https://www.mouser.co.uk/ProductDetail/Johanson-Technology/2450FM07D0034T?qs=%252BEew9%252B0nqrBEY7VUloPs4Q%3D%3D,JOHANSON TECHNOLOGY
J1,1,Conn_01x04_Pin,JST_GH_SM04B-GHS-TB_1x04-1MP_P1.25mm_Horizontal,,,,smt,"Generic connector, single row, 01x04, script generated",,,,,,,,,,,,,
J2,1,Conn_01x04_Socket,Harwin_M20-89004xx_1x04_P2.54mm_Horizontal,,,,smt,"Generic connector, single row, 01x04, script generated",,,,,,,,,,,,,
"R1, R2, R3, R4, R5, R6",6,10K,R_0603_1608Metric_Pad0.98x0.95mm_HandSolder,,,,smt,"Resistor, small symbol",,,,,,,,,,,,,
U1,1,TPS7A4701xRGW,Texas_RGW0020A_VQFN-20-1EP_5x5mm_P0.65mm_EP3.15x3.15mm_ThermalVias,,,,smt,"1A, Low-Noise Low-Dropout Voltage Regulator, 3-35V Input, Adjustable 1.4-34V Output, VQFN-20",,,,,,,,,,,,,
"U2, U3",2,SX1280IMLTRT,QFN24_4X4_SEM,,,,smt,,,,,,,,,,,,,,
"U4, U6",2,RFX2401C,RFX2401C_SKY,,,,smt,,,,,,,,,,,,,,
"U5, U7",2,2450LP14B100,CHIP_SMD_1P6XP8_JOD,,,,smt,,,,,,,,,,,,,,
U8,1,ESP32-PICO-D4,QFN-48-1EP_7x7mm_P0.5mm_EP5.1x5.1mm_ThermalVias,,,,smt,"RF Module, ESP32 SoC, Wi-Fi 802.11b/g/n, Bluetooth, BLE, 32-bit, 2.7-3.6V, external antenna, QFN-48",,,,,,,,,,,,,
"Y1, Y2",2,52MHz,Crystal_SMD_2016-4Pin_2.0x1.6mm,,,,smt,"Four pin crystal, GND on pins 2 and 4, small symbol",,,,,,,,,,,,,
"hole2, hole3",2,,,,,,tht,,,,,,,,,,,,,,
