﻿pos_x,pos_y,rotation,side,designator,mpn,pack,footprint,value,mount_type
136.0094,-85.5454,180.0,top,ANT1,,,U.FL_Hirose_U.FL-R-SMT-1_Vertical,Conn_Coaxial,smt
136.0094,-90.9846,180.0,top,ANT2,,,U.FL_Hirose_U.FL-R-SMT-1_Vertical,Conn_Coaxial,smt
156.074908,-73.001189,-155.0,top,ANT3,,None,ANTENNA_W3008,W3008,smt
159.975,-94.2125,90.0,top,C1,,,C_0603_1608Metric_Pad1.08x0.95mm_HandSolder,10uF,smt
150.575,-94.6875,90.0,bottom,C10,,,C_0603_1608Metric_Pad1.08x0.95mm_HandSolder,10nF,smt
157.2099,-91.3416,0.0,bottom,C11,,,C_0603_1608Metric_Pad1.08x0.95mm_HandSolder,10nF,smt
157.1875,-89.6416,0.0,bottom,C12,,,C_0603_1608Metric_Pad1.08x0.95mm_HandSolder,470nF,smt
156.1599,-88.0166,0.0,top,C13,,,C_0603_1608Metric_Pad1.08x0.95mm_HandSolder,100nF,smt
146.9875,-87.925,0.0,bottom,C14,,,C_0603_1608Metric_Pad1.08x0.95mm_HandSolder,220pF,smt
146.9625,-87.925,0.0,top,C15,,,C_0603_1608Metric_Pad1.08x0.95mm_HandSolder,1uF,smt
140.9375,-88.575,0.0,top,C16,,,C_0603_1608Metric_Pad1.08x0.95mm_HandSolder,220pF,smt
140.7875,-94.475,0.0,top,C17,,,C_0603_1608Metric_Pad1.08x0.95mm_HandSolder,220pF,smt
146.9625,-94.025,0.0,top,C18,,,C_0603_1608Metric_Pad1.08x0.95mm_HandSolder,220pF,smt
144.6469,-94.1187,30.0,bottom,C19,,,C_0603_1608Metric_Pad1.08x0.95mm_HandSolder,1uF,smt
160.0,-97.65,-90.0,top,C2,,,C_0603_1608Metric_Pad1.08x0.95mm_HandSolder,1uF,smt
138.7375,-76.3,0.0,bottom,C20,,,C_0603_1608Metric_Pad1.08x0.95mm_HandSolder,0.1uF,smt
138.8375,-78.475,180.0,bottom,C22,,,C_0603_1608Metric_Pad1.08x0.95mm_HandSolder,100nF,smt
154.7048,-78.675,180.0,bottom,C23,,,ECASD40J106M055K00,10uF,smt
152.1599,-77.0916,0.0,top,C24,,,C_0603_1608Metric_Pad1.08x0.95mm_HandSolder,100nF,smt
144.8125,-75.425,180.0,bottom,C25,,,C_0603_1608Metric_Pad1.08x0.95mm_HandSolder,100nF,smt
152.1,-95.5875,-90.0,bottom,C3,,,C_0603_1608Metric_Pad1.08x0.95mm_HandSolder,47uF,smt
153.5,-74.7625,-90.0,top,C33,,,C_01005_0402Metric_Pad0.57x0.30mm_HandSolder,1.5pF,smt
157.2349,-83.4166,0.0,top,C4,,,C_0603_1608Metric_Pad1.08x0.95mm_HandSolder,100nF,smt
157.1625,-88.05,180.0,bottom,C5,,,C_0603_1608Metric_Pad1.08x0.95mm_HandSolder,10nF,smt
157.2406,-83.4166,0.0,bottom,C6,,,C_0603_1608Metric_Pad1.08x0.95mm_HandSolder,10nF,smt
157.2406,-81.8666,0.0,bottom,C7,,,C_0603_1608Metric_Pad1.08x0.95mm_HandSolder,470nF,smt
156.1099,-81.7416,0.0,top,C8,,,C_0603_1608Metric_Pad1.08x0.95mm_HandSolder,100nF,smt
157.1899,-89.6416,0.0,top,C9,,,C_0603_1608Metric_Pad1.08x0.95mm_HandSolder,100nF,smt
138.718,-98.025,0.0,top,CR1,,,SMBJSeries_LTF,SMBJ60A,smt
157.1874,-79.5416,0.0,top,D1,,,LED_WS2812B-2020_PLCC4_2.0x2.0mm,WS2812B-2020,smt
139.6791,-98.75,180.0,bottom,F1,,,FUSE_F020X_BRN,MF-PSMF020X-2,smt
147.38,-84.62,180.0,top,FL1,2450FM07D0034T,,2450FM07D0034T,2450FM07D0034T,smt
147.375,-90.9,180.0,top,FL2,2450FM07D0034T,,2450FM07D0034T,2450FM07D0034T,smt
147.2184,-98.044,0.0,top,J1,,,JST_GH_SM04B-GHS-TB_1x04-1MP_P1.25mm_Horizontal,Conn_01x04_Pin,smt
147.32,-104.6866,-90.0,bottom,J2,,,Harwin_M20-89004xx_1x04_P2.54mm_Horizontal,Conn_01x04_Socket,smt
141.8625,-83.625,180.0,bottom,R1,,,R_0603_1608Metric_Pad0.98x0.95mm_HandSolder,10K,smt
134.8125,-80.0,0.0,bottom,R2,,,R_0603_1608Metric_Pad0.98x0.95mm_HandSolder,10K,smt
133.8625,-78.325,180.0,bottom,R3,,,R_0603_1608Metric_Pad0.98x0.95mm_HandSolder,10K,smt
135.5125,-81.625,180.0,bottom,R4,,,R_0603_1608Metric_Pad0.98x0.95mm_HandSolder,10K,smt
145.9625,-85.925,180.0,bottom,R5,,,R_0603_1608Metric_Pad0.98x0.95mm_HandSolder,10K,smt
138.6625,-73.9,0.0,bottom,R6,,,R_0603_1608Metric_Pad0.98x0.95mm_HandSolder,10K,smt
156.0068,-97.4087,0.0,top,U1,,,Texas_RGW0020A_VQFN-20-1EP_5x5mm_P0.65mm_EP3.15x3.15mm_ThermalVias,TPS7A4701xRGW,smt
151.9973,-84.7026,90.0,top,U2,,,QFN24_4X4_SEM,SX1280IMLTRT,smt
152.0481,-90.943,90.0,top,U3,,,QFN24_4X4_SEM,SX1280IMLTRT,smt
143.2046,-85.375,180.0,top,U4,,,RFX2401C_SKY,RFX2401C,smt
139.3198,-85.5328,180.0,top,U5,,,CHIP_SMD_1P6XP8_JOD,2450LP14B100,smt
143.2296,-91.5,180.0,top,U6,,,RFX2401C_SKY,RFX2401C,smt
139.369,-91.1352,180.0,top,U7,,,CHIP_SMD_1P6XP8_JOD,2450LP14B100,smt
145.1,-78.9,-90.0,top,U8,,,QFN-48-1EP_7x7mm_P0.5mm_EP5.1x5.1mm_ThermalVias,ESP32-PICO-D4,smt
157.025,-85.825,180.0,top,Y1,,,Crystal_SMD_2016-4Pin_2.0x1.6mm,52MHz,smt
156.9474,-91.8916,180.0,top,Y2,,,Crystal_SMD_2016-4Pin_2.0x1.6mm,52MHz,smt
131.5,-72.0,0.0,top,hole2,,,,,tht
131.7,-102.5,0.0,top,hole3,,,,,tht
